rating,date,content,content_length,is_positive
5.0,2025.03.14.,굿굿굿,3,1
5.0,2025.02.01.,300억 어트렉션 대박,12,1
5.0,2025.02.01.,회전그네와 번지드롭이 없어진다는 소식듣고 갔다,25,1
3.0,2025.01.29.,명절연휴는 진짜,8,0
5.0,2025.01.20.,토요일이라 각오하고 갔으나 의외로 많이 타고 왔네요 입장은 10시 15분쯤해서 우선 롤러코스터류는 포기하고 처음에 파라오로 바로 이동 대기 20분 정도에 타고 해적선 예매줄이 없어 더보기,104,1
5.0,2025.01.12.,아이가 너무 좋아해요,11,1
4.0,2024.12.31.,24 12 30 방문 11시 쯤가서 6시30분까지 3개 탔어요 사람이 너 무 많았고 예약줄도 오래 걸리고 예약시간 보다 빨리가도 더보기,75,1
5.0,2024.12.31.,바로 사용가능하고 편리하네요,15,1
5.0,2024.12.30.,사람 구경도 마음껏 할 수 있고 날씨도 춥지 않아서 좋습니다,33,1
5.0,2024.12.29.,합리적인 가격으로 좋은시간 보냈습니다,20,1
5.0,2024.12.28.,항상 너무 즐거운 곳이예요,14,1
5.0,2024.11.05.,애기가 더 신나요,9,1
5.0,2024.11.04.,아이와 재밌는 시간 보냈어요,15,1
5.0,2024.10.27.,올해3번째 방문했어요 더보기,15,1
5.0,2024.07.01.,주차장 넓고 놀이시설 좋고 퍼레이드도 멋진 롯데월드 시간이 넉넉하다면 입장권만 시간이 적다면 프리패스로 즐겁게 다녀오기 딸과의 더보기,74,1
5.0,2024.06.28.,남편과 함께 즐거운 시간 보냈어요 언제가도 즐거운 곳이예요,32,1
5.0,2024.06.23.,퍼레이드가 멋져요,9,1
5.0,2024.06.10.,언제나 즐거운 롯데월드입니다 그런데 제가 방문한 날 키즈 랜드 쪽 여자화장실에서 학생들이 담배를 피우던가 같 더보기,64,1
4.0,2024.06.01.,아이들 학교 끝나자마자 금요일 퇴근길을 뚫고 7시 입장했는데 3시간동안 알차게 보냈어요 생각보다 사람이 없는것 같았지만 결국 인기많은 어트랙션은 기다린다는것 주말은 매직패스 없으면 못타겠네요,106,1
5.0,2024.05.30.,사람만 안많으면 또가고싶어요,15,1
5.0,2024.05.29.,할인된 가격으로 잘놀다왔어요,15,1
5.0,2024.05.22.,오랫만에 아이들과함께 왔는데 볼거리 탈거리 많고좋으네요 사람이많아서 매직패스구매는 이제 필수인듯요,54,1
5.0,2024.05.21.,가고 싶고 또 가고 싶고 그렇데요 시간이 안되서 오후권으로 만족 담엔 오픈런을 꿈꾼다고,48,1
3.0,2024.05.10.,아이셋과 갔는데 저녁퍼레이드가 끝나고 8시20분에 스페인해적선앞에서 줄을 서고있는데 아르바이트인지 직원인지 하는 여자아이가 지금 줄서도 소용없다 8시30분부터 서야 유 더보기,97,0
5.0,2024.05.03.,사람 많아요 너무 더워요,13,1
4.0,2024.05.03.,예약못함 많이아쉬움,10,1
5.0,2024.05.03.,눈치게임 실패 간만에 놀이기구타서 재밌었어요 사람 많아서 3개 더보기,38,1
3.0,2024.02.01.,다 좋아요 퍼레이드 놀이기구 다 좋은데 음식이 왜케 쓰레기인가요 햄버거엔 양배추 손톱만 더보기,52,0
5.0,2024.01.26.,너무 재밌고 놀이기구도 재밌고 맛있는 음식들이 많아서 또 오고 싶습니다,39,1
5.0,2024.01.21.,놀이동산은 언제 가도 즐거운듯,16,1
5.0,2023.12.19.,23년도 즐거운 추억 만들었습니다 기다리는게 조금은 힘들었지만 좋았어요,39,1
3.0,2023.12.17.,아이들 시험이 끝나서 그런지 사람들이 너무 많았어요 그래도 재밌게 즐기고 왔습니다,45,0
5.0,2023.12.16.,음 두번째 딸과 함께 방문해 보았어요 예전 기억이 새록새록 풍선비행 예약제로 운영되니 입장하셔서 꼭 예약해놓고 다니세용 파라오분노는 너무 오래 기다렸어여 그곳에서 다 지친듯 그래도 딸은 기다린 보 더보기,113,1
5.0,2023.12.06.,다음에 또 아이들과 갈께요,14,1
5.0,2023.12.01.,잘갔다왔습니다,7,1
5.0,2023.11.29.,항상 롯데월드는 즐거운 곳 같아요 대인 소인 6만원으로 저렴하게 잘 다녀왔어요,43,1
5.0,2023.11.26.,인기있는 놀이기구 예약제 운영은 정말 좋은 시스템같습니다 더보기,35,1
1.0,2026.01.13.,직원 전부 동태 눈깔에 다 죽어가는 얼굴하고 있음 힘들어서 그런건 알겟다만 그래도 놀이공원인데 죽상하고있으니 덩달아 기분이 안좋아짐 행복한 분 더보기,83,0
5.0,2026.01.10.,역시 롯데월드,7,1
5.0,2025.12.07.,추석명절 10월 8일에 가서 매직패스 없이 놀이기구 6개 후렌치레볼루션 혜성특급 신밧드 후룸라이드 파라오의 분노 회전바구니 타고 혜성특급은 두개 탐 할로윈 더보기,90,1
5.0,2025.12.04.,요즘 가장 핫한 롯데월드에 다녀왔어요 특히 해피 크리스마스 퍼레이드 는 요즘 가장 소름돋을 정도로 아름다워서 더보기,64,1
5.0,2025.11.11.,맛있고 재밌었어요 쿠팡으로 입장료 끊으면 저렴해요,27,1
5.0,2025.10.15.,최고,2,1
5.0,2025.10.12.,우리는 이번에 롯데월드를 갔어요 그리고 이번에는 렛츠고 포켓몬 스프링캠프 공연을 받는데 요거 덕분에 더 재미있었어요 그리고 우리는 키링을 샀는데 뮤 파이리가 나왔어요 그래서 집에 잘 보관하고 있 더보기,112,1
5.0,2025.08.26.,좋아요,3,1
5.0,2025.08.19.,친구들끼리 가기 좋음,11,1
4.0,2025.08.11.,굿 포켓몬 너무 귀여웠다,13,1
2.0,2025.07.24.,너무 더워서 깜짝 놀랐음 특히 모노레일은 창문도 없고 개별 냉방도 없어서 숨이 턱턱 막힘 이렇게 여름에 온도를 덥게 유지할 꺼면 왜 실내로 만들었는지 다시는 안 감,91,0
4.0,2025.06.28.,일단 놀이기구는 너무 재밋구 음식도 다 맛잇음 근데 키링이나 기념품 등 물건들의 가격이 비싸다,52,1
4.0,2025.06.25.,오랜만에 재밌었는데 어트랙션이 오래됐어요,22,1
5.0,2025.05.16.,재밌네여 기본적으로 아트란티스,16,1
5.0,2025.05.14.,포켓몬 팬이라면 지금 가야 한다,17,1
4.0,2025.05.10.,얼마만의 롯데월드인가 5월 1일에 갔다가 열기구 타는데 세시간반 대기 기다린 7세 아들이 더 기적 식당도 대기가 길고 비도와서 아일랜드 한바퀴만 돌기만 함 날씨 좋고 사람 적을 때 더보기,104,1
5.0,2025.05.05.,롯데월드 처음 가봤는데 너무 좋았음 매직패스 5개랑 종일이용권 가지고 8시까지 놀다옴 매직패스 꼭 쓰세요 아 맞다 그리고 롯데월드 특유의 분위기가 진짜 혜성특급 꼭 타시구여,96,1
5.0,2025.04.26.,실내여서 좋음 놀이기구도 재밌음,17,1
5.0,2025.04.16.,딸이 무쟈게 좋아하네요 슬기로운 가족생활 퍼레이드도 멋집니다,33,1
1.0,2025.04.05.,상한 커피 냄새나는 츄러스 잘생긴 남자친구와의 놀이공원,30,0
3.0,2025.04.02.,콜팝 찐 드세요 근데 2024에 갔을때 중국인이 새치기해 더보기,35,0
5.0,2025.02.26.,평일인데도 사람이 너무 많았지만 역시 너무 재밌었어요 빨리 새로운 놀이기구가 생겼으면 좋겠네요,52,1
3.0,2025.02.23.,겨울에는 너무 추운 듯 그리고 예약제 왜 있는지 모르겠음 결국 2번 기다려야 하고 줄이 더 길다 빛의 축제 퍼레이드도 좀 실속이 없음 애들은 좋아할 듯,84,0
3.0,2025.02.17.,진찌 재밌는데 넘 사람이 많아요,17,0
4.0,2025.01.30.,놀이기구랑 다 좋았는데 실내가 너무 넓어서 조금 불편했어요,32,1
4.0,2024.12.26.,놀이기구들 진짜 다 재밌긴 해요 근데 앱이 좀 구려요,29,1
5.0,2024.12.15.,진짜 너무 재밋어요 사람 많은것만 빼면 너무 좋아요,28,1
5.0,2024.12.07.,더운 여름 뙤약볕에도 지붕이 있는 실내 테마파크라 시원하네요 매직패스는 꼭 3일전에 구입하셔서 놀러오시구요 처음 오시는 분들은 시작할때 월드모노레일이랑 풍선비행을 먼저 해 더보기,99,1
5.0,2024.12.03.,엄마랑 할머니 모시고 방문한 롯데월드 할머니는 롯데월드가 처음이셔서 더욱 특별한 추억이 되셨을거라고 생각해요,60,1
5.0,2024.11.14.,눈치게임만 성공하면 최고의 하루가 될거에용,23,1
5.0,2024.10.16.,놋네눨느는 진리입니다 스마트생긴게 장단점있기는한데 개인적으로는 호,36,1
4.0,2024.10.06.,완전 재밌었다 근데 스마트줄서기 모르는분들은 고생 많이 하실듯,34,1
4.0,2024.09.22.,환상의 나라 롯데랜드,11,1
1.0,2024.08.16.,waited 3 hours and sat on only 1 game,37,0
5.0,2024.08.09.,굳,1,1
5.0,2024.08.06.,6 1 토요일 방문 14번 탑승 눈치게임 나름대로 성공 로떼월두 더보기,39,1
5.0,2024.08.01.,주말에 헬이지만 서울에 이만한 곳 없습니다 주차장 만석이니 잠실 더보기,39,1
5.0,2024.06.28.,오늘 6 28 사람도 별로 그렇게 많진 않았고 18개 뽕뽑고 왔다 번지드롭 재밌는데 줄 짧아서 좋았음,56,1
4.0,2024.06.07.,운이 좋게도 매직패스 안끊고 6개 탔어요 후렌치 생각보다 진 짜 안무섭고 재밌어요 다른 롤러코스터도 별로 안무서울것 같아용,68,1
5.0,2024.05.19.,잼써따,3,1
4.0,2024.05.18.,요즘 시설이 많이 낡은게 느껴지지만 그래도 도심속에 이런 놀이공원이 있다는 사실이 좋아요,49,1
5.0,2024.05.01.,재미있게 놀았어요,9,1
5.0,2024.04.13.,어렸을때도 어른이어도 항상 즐거운 롯데월드,23,1
4.0,2024.04.01.,들어길때 직원이 불친절했어요 그래도 들어가서 재미있게 놀았어요 안틀란티스는 수리중이더리구요 그래도 다른 자이로 놀이기구들이 굉장히 재미있어요,78,1
4.0,2024.02.29.,평일에 갔는데도 사람이 너무너무너무너무 많음,24,1
4.0,2024.02.24.,아이들과 함께보내기 좋아요 식당이나 쉴곳도 더욱 다양했으면,32,1
5.0,2024.02.09.,맛있어요,4,1
5.0,2024.01.23.,역시 꿈과 환상의 나라 재밌었어요,18,1
4.0,2024.01.19.,음식이 대부분 비쌈 하지만 재밌음,18,1
5.0,2024.01.06.,매직패스 없이 어트랙션 14회 탑승 후렌치레볼루션 4회 탑승 간만에 잘 놀고옴,43,1
5.0,2023.12.25.,친구들이랑 같이 갔는데 너무 재밌었고 캐스트 분들도 너무 친절하셔서 좋았어요 다음에 또 갈게요,52,1
4.0,2023.11.11.,사람이 너무많아요,9,1
5.0,2023.11.03.,꺄르르 존잼 매직패스는 사는거 추천,19,1
5.0,2023.10.31.,사람 별로 없을 때 가서 놀이기구 엄청 많이 탔어요 벌써 또 가고 싶네요,40,1
3.0,2023.10.30.,It is a famous place but there are too many people there was so much line that I couldn t get on some rides and the food is expensive and not very good,151,0
5.0,2023.10.24.,돈까스 맛있어요,8,1
2.0,2023.10.04.,놀이동산은 정말 최고 그러나 직원분들이 4가지가 없어요,30,0
5.0,2023.09.30.,예전만큼의 설렘은 없지만 이제는 기다리는게 힘들지만 누구나 느껴보았을 재미와 설렘의 장소 오랫동안 잘 되었으면 좋겠습니다,67,1
4.0,2023.09.12.,베이비이용권 미리 구입해서 가세요 줄서서 기다리고 탈때쯤에 없으면 난처합니다 미리 알려주셨으면 좋겠어요,57,1
5.0,2023.09.02.,여기 완전 최고에요 실내도 많이 시원하고 토요일에 갔는데도 줄이 없어서 깜짝 놀랐어요 그때 놀이기구를 18번 탔는데 줄을 거 더보기,73,1
5.0,2023.08.22.,8 20 일요일 방문 comet express 40분 아틀란티스 70분 기다림 나머지는 무 더보기,54,1
4.0,2023.08.10.,일단 전반적으로 다 좋았어요 하지만 음식을 먹을때 테이블이 많이 없어서 서서먹는 경우가 생겼어요,53,1
3.0,2023.08.09.,아이와놀자 포토존 사람은 정말 많았지만 퍼레이드와 라이트쇼가 멋졌어요,38,0
5.0,2023.07.04.,도심근처라 접근성이 좋고 실내 실외에 다양한 놀이기구들이 더보기,35,1
5.0,2023.06.04.,아이와놀자 포토존 놀기 쥬아요,16,1
3.0,2023.05.17.,맛있긴했다 감튀그 유명한거 근데 사람 증말 많다 서울 놀이공원 진짜 비성수기도 사람 많아서 몇개 못탐,56,0
4.0,2023.05.05.,아이와 잘 다녀왔어요 역시 롯데월드,19,1
5.0,2023.05.04.,재미이썽 꼭 매직패스하세오 아틀란티스 타세오,24,1
5.0,2023.05.04.,롯데월드 친구들이랑 처음 갔는데 재밌어요,22,1
5.0,2023.03.22.,친구랑 롯데월드와서 너무 재미있게 놀았어요 매직패스도 있어서 혜성특급이랑 아틀란티스 후렌치레볼레션도 탔어요 사람도 평일에가서 그리 많지않았어요,79,1
2.0,2023.03.14.,익스트림 몇개 어트랙션 빼곤 나머진 볼것도 탈것도 옶고 대기는 기본 60분 이상 매직패스를 끊어야 그나마 탈수 있음,64,0
4.0,2023.02.17.,주차비 비쌈,6,1
5.0,2023.02.16.,사람이 정말 많아요 그래도 신남 직원분들 친절하심,27,1
4.0,2026.01.19.,12월19일날 갔었는데 사람들이 너무 많아서 많이 못 타서 아쉬웠습니다 그래도 놀이기구는 재미있으니깐 4점,59,1
5.0,2025.12.28.,페이커 봤다,6,1
5.0,2025.12.25.,좋다,2,1
5.0,2025.12.20.,10월 중순에 갔었는데 한적하고 좋았어요 재방문 의사 100,33,1
5.0,2025.12.14.,어트렉션 타는재미 중간중간 공연도해서 보는눈도 즐거웠습니다,32,1
1.0,2025.11.26.,정말 최악입니다 1인당 거의 4만 원 내고 들어왔는데 제대로 된 놀이기구는 하나도 못 탔습니다 거의 다 재미없는 채우기용 놀이기구만 탔고 돈 값어치를 더보기,87,0
5.0,2025.11.21.,예약하는거 빼고는 낫배드,13,1
5.0,2025.11.18.,매직패스 필수,7,1
5.0,2025.10.24.,주위에 아무도 없고 놀이공원은 가고 싶어서 혼자 갔는데 나름 할만해요 혼자도 재밌어요 사람이 심심하니까 못할게 없네요 발바닥이 아플 정도로 아주 끝내주게 잘 놀다가요,92,1
5.0,2025.10.19.,사람이 많을땐 얼마 못타지만 롯데월드 그 감성이 너무 좋다,32,1
5.0,2025.10.15.,주차 자리도 많고 어드벤처와 타워까지 보고 왔어요 좋은 하루 잘 보낸 날이었네요,44,1
5.0,2025.10.10.,추석명절 눈치게임 실패,12,1
5.0,2025.10.07.,환장에 나라 논데워드로 가지마세요 진자 환장입니다 지옥임 더보기,35,1
3.0,2025.10.05.,25 10 4 혜성특급 90분,16,0
5.0,2025.09.27.,롯데월드중에서 마리오네트가 가장재미있네요,22,1
5.0,2025.09.27.,롯데월드 좋아요,8,1
3.0,2025.09.21.,퍼레이드와 공연 볼만합니다 시간챙겨서 보세요 놀이기구는 진짜로 움직이는 것만 타세요 카트라이더 빼고 느림보 카트는 최악 5G아트란티스 같은 스크린 어트렉션도 정말 시간낭비입니다,98,0
5.0,2025.09.05.,분홍아 주홍아 로리야 내 이름 한 번만 불러다오,26,1
5.0,2025.09.02.,롯데월드 후기 즐거운 하루 잊지 못할 추억 얼마 전 오랜만에 롯데월드를 다녀왔습니다 언제 가도 설레는 곳이지만 이번에는 더욱 더보기,73,1
5.0,2025.08.26.,근처살면 연간회원권이 제일 뽕뽑는 좋은 방법임 인기 어트랙션 파라오 혜성특급 프렌치 등 은 사람 없는날 가도 무조건 30분 대기라고 생각하면 됨 간식류는 b 더보기,91,1
5.0,2025.08.23.,재미있게 잘 놀다갑니다,12,1
1.0,2025.08.05.,너무 더워요,6,0
5.0,2025.07.25.,사람이 많아요 그래도 그만큼 인기있는곳,21,1
5.0,2025.06.22.,매직패스 없으면 패스,11,1
4.0,2025.06.08.,정말 오랜만에 방문하였네요 대기로 인해 힘들었지만 놀이공원이 주는 에너지가 있어서 설레고 기분 좋았습니다,58,1
5.0,2025.06.06.,이번에 첨 갔는데 진짜 재밌어요,17,1
5.0,2025.05.28.,언제와도 재미있는곳 놀이기구도재밌음,19,1
5.0,2025.05.12.,월요일에 갔는데도 평균 대기시간 1시간 1시간 30분 소요됐어요 사람이 많았지만 필수로 타야하는 어트렉션은 다 탄 것 같아요 언제나 추억 가득한 롯데월드입니다 오늘 또 하나의 추억 만들고 갑니다,108,1
4.0,2025.04.26.,연간 2022년 2월에서 2025년 2월까지 3번하면서 처음올땐 친절했으나 2023년 부터 몇몇 캐스트들이 불친절함 다 그러지는 않음 그러나 다른 시설 캐스트들은 친절하고 후룸라이드 캐스트 더보기,109,1
5.0,2025.04.24.,롯데월드는 부지면적이 적지만 많이 안걸어도 된다는 장점이 있어유 버 드 가려다가 당일 급 더보기,53,1
4.0,2025.04.08.,아틀란티스b,6,1
2.0,2025.04.03.,월요일에 갔는데도 날이 좋아서그런지 사람이 좀 있긴했는데요 확실히 주말보단 덜 붐비는거였을텐데 간식파는직원분들 하나같이 불친절합니다 주문받거나 간식설명할때 말 엄청 빨리하시는게 더보기,102,0
1.0,2025.02.22.,얼마나 많은 악플이 있는진 모르겠지만 저도 하나 적어봅니다 유아 범퍼카가 얼마전 예약제로 바뀌었다고하네요 6시에 타러갔습니다 9시까지 마감되었다고 예약은 더보기,89,0
4.0,2025.02.22.,너무 재미있고 가족들끼리는 처음오는거라 돈을 왕창쓴거같아여 퍼레이드도 이쁘고 놀이기구도 재미있고 스릴있어성 재미있어영 근데 그때 눈이마니와서 실외는 못갔는데 실내에 번지드롭이랑 더 재미있는게많았는뎅 구경만 하구왔어여,120,1
5.0,2025.02.16.,퍼레이드 때 어린이들에게만이 아닌 어른이인 저의 반쪽하트도 받아주셔서 너무 좋았어요,46,1
5.0,2025.02.13.,굉장히 예쁘고 재밌어요,12,1
5.0,2025.02.01.,경치도 좋고 놀이기구도 재미있었어요,19,1
4.0,2025.01.12.,평일에 적절히 데이트 코스로 오면 좋음 명절이나 공휴일은 줄서기 지옥이다,40,1
5.0,2025.01.09.,크리스마스 때 방문했는데 시간 가는 줄 모르고 놀았네요 너무 좋고 직원분들이 친절하셔서 좋았어요,53,1
5.0,2025.01.08.,롯데월드 정말 좋아요 앞으로는 소식을 준비해주세요,27,1
5.0,2024.12.30.,너무 재밌었어요,8,1
5.0,2024.12.22.,크리스마스 시즌이라 그런지 퍼레이드 많이 하네요 주말이라 사람 엄청 많네요 겨울엔 역시 롯데월드,53,1
3.0,2024.11.01.,최소 입장 30분 전에는 도착해야함 아틀란티스 타고 골로 가버리는 줄,38,0
5.0,2024.10.04.,간만에 찾아간 롯데월드 하지만 사람이 많아서 기다림의 연속이었는 그래도 재미있었다 다시 예전으로 돌아간 느낌,60,1
5.0,2024.10.03.,롯월 에버보다 좋아요,11,1
5.0,2024.10.02.,A nice amusement park to visit even on a rainy day The d cor is lovely and there are plenty of activities to enjoy,114,1
5.0,2024.09.02.,오랜만에 갔는데 재미있었음 싱글라이더가 정말 좋은 아이디어인듯,34,1
4.0,2024.08.28.,줄 너무 길어서 놀이기구 한개밖에 못탔네요 그래서 다 예약제로 바꾸면 좋겠어요,43,1
5.0,2024.08.15.,퍼래리드도 좋고 다좋아요,13,1
4.0,2024.08.14.,우리나라 양대산맥의 놀이공원 각각 장단점이 있는데 롯데월드의 강점은 실내외 두루 놀이공원이 있는것 그리고 서울 중심에 있다는것이 아닐까 이번엔 코난관련 행사가 있었는데 규모가 실망스러 더보기,106,1
3.0,2024.08.12.,사람이 넘쳐나고 매직패스 앞에 무력하고 아이들과 점심 저녁을 해결했는데 푸드코트 음 더보기,50,0
5.0,2024.07.16.,몇몇 놀이기구는 예약 해야 되지만 그래도 다양한 놀이기구를 즐길수 있어 좋아요 하지만 대기시간은 견뎌내야겠죠,60,1
4.0,2024.07.15.,뷰도 이쁘고 맛있는것도 많고 재밌네요,20,1
4.0,2024.07.08.,실내인게 큰 장점이지만 늘 사람이 많음,21,1
4.0,2024.06.28.,6 28 눈치게임 대실패에요 롯데 오늘 뭔일이야,26,1
5.0,2024.06.26.,여자친구와 가고싶은 롯데월드,15,1
5.0,2024.05.30.,얘전에 갔었는데 이제야 올려요 봄에 갔는데 주차가 주차만 30분 더보기,39,1
4.0,2024.05.25.,즐거운 곳,5,1
5.0,2024.05.25.,롯데월드 재미있었고 츄러스는 필수에용 모노레일 벚꽃명소,30,1
2.0,2024.05.16.,사람은 무자비로 입장시켜놓고 놀이기구는 사람수에 비해서 턱없이 부족하고 시간버리기 더보기,49,0
5.0,2024.05.13.,언제나 가도 재미있는곳,12,1
4.0,2024.04.16.,환상의나라롯데월드로 사람 너무 많은것만 빼면 최고,27,1
5.0,2024.04.06.,벚꽃명소 롯데월드,9,1
5.0,2024.04.05.,매직패스 짱,6,1
5.0,2024.03.29.,작년에 방문했었지만 엄청 만족했어요,19,1
4.0,2024.03.24.,놀이기구가 재밌고 풍경이 좋음,16,1
4.0,2024.03.11.,무조건 3월초 평일에 가야되는곳 3월초 평일 혜성특급 앞에 줄없는거 첨봄 안에 들어가면 줄 서긴해야되지만 아틀란티스 30분 대기하고 탄적 살면서 처음,83,1
5.0,2024.03.09.,언제봐도 이뻐요 먹거리도 많고 데이트하기 좋아요,26,1
5.0,2024.03.03.,바이킹의 정석은 여윽시 롯데월드다 그리고 롯데월드하면 또 츄러스가 빠지면 섭섭하다 자이로드롭도 너무 재밌고 롯데월드 실내를 돌아다니는모노레일은 많이 흔들거리긴 하지만 실내를 한 번에 구경하고 더보기,110,1
4.0,2024.02.23.,차 막혀요,5,1
5.0,2024.02.18.,친구들과 갔는데 재밌었어요,14,1
1.0,2024.02.14.,2월 13일 연휴 끝나고 사람이 엄청 몰렸지만 직원들 힘든거 아는데 진짜 어딜 가도 뭐 물어보지도 못할정도로 성질 화난표정 특히 카트라이더 직 더보기,83,0
2.0,2024.02.07.,몇 번만 가도 질리긴 하지만 그래도 실내라서 좋다 밥은 무조건 3층 민속박물관의 저자거리에 가서 먹는 걸 추천 특히 더보기,68,0
5.0,2024.02.01.,역시 롯월은 롯월 체험학습으로 갔는데 재밌었어요,26,1
4.0,2024.01.23.,아트란티스에서 롯데타워 찍었어요,17,1
5.0,2024.01.03.,모노레일,4,1
4.0,2023.12.26.,서울 강남 한복판에 위치한 잇점 석촌호수를 낀 아름다운 배경의 매직아일랜드 비오거나 추워도 끄떡없는 실내 어트랙션들 백 더보기,70,1
5.0,2023.12.20.,비 오는 날에 와서 많이 즐기지 못 했는데 그래도 갑자기 운행하는 아틀란티스를 대기시간 3 40분 만에 탈 수 있어서 너무 좋았습니다 인생 첫 아틀란티스 인데 진짜 너무 재미있었고 실내 롯데월드 안에 있는 레스토랑은 더보기,124,1
4.0,2023.12.15.,롯데월드 오랜만에 가게 되었는데 평일 오전인데도 사람이 많았음 그래도 놀이 기구 많이 타고 좋았어요 정글보트는 겨울이라,66,1
5.0,2023.12.01.,평일인데도 사람은 꽤 있었지만 분위기 즐기다 왔습니다,29,1
4.0,2023.11.25.,사람많을때 없을때 편차 엄청나고 밖에놀이기구들 줄 짱짱김 안에 놀이기구도 길지만 대체적으로 안이 조금더 사람적음 또 멀미있는사람 주의하고 추울때 진짜 안에서만 노는거 추천 또 안에 간식들 의외로 맛있음,112,1
5.0,2023.11.23.,11월4일 방문했어요 2 3돌 아이와 갔는데 오픈런하니까 놀이기구도 많이 타고 좋았어요,48,1
1.0,2023.10.21.,거울벽인가 아무튼 남자 알바생 말이 뭔가 대충 말하는것 같았고 여중여고딩 수준 롯데월드 회전컵 탔을때 거의 토할 직전 더보기,69,0
5.0,2023.10.19.,잘 놀다 왔습니다 역시 놀이공원은 눈치게임만 잘하면 스트레스 해소에 탁월하다 아 육회비빔밥도 맛있었고 자이로스윙 처음 더보기,69,1
5.0,2023.10.15.,재미있는 어트렉션이 너무 많아요,17,1
5.0,2023.10.14.,딸 놀이기구 좋아하는데 아이는 처음 갔는데 너무 좋았어요 재미있었다네요,39,1
4.0,2023.09.27.,한국 온 동생커플과 매직패스 최고,18,1
5.0,2023.09.22.,어드벤처 매직아일랜드 둘다 볼 것도 탈 것도 많고 좋음 롯데타워 잘 보임,40,1
4.0,2023.09.17.,늘 재미나게 놀고갑니다 근데 너무 바뀐게없어 좀 식상해요 사람두 너무많아서 줄거면2시간임 사진만 재미나게 찍고 맛나거 먹으면서 놀다갑니다,76,1
4.0,2023.08.20.,bbbbbbb아이와놀자 모노레일,17,1
5.0,2023.08.11.,차를 가지고 가서 주차비가 많이 나올 줄 알았는데 안에서 밥 먹고 음료수 사먹었더니 할인 많이돼서 하루 종일 주차하고 3천원 내고 나왔어요 재밌게 놀고 기분 좋게 나왔습니다,96,1
5.0,2023.08.10.,엄청 즐겁고 재미있었습니닷,14,1
3.0,2023.08.09.,바글바글바글바글바글바글바글,14,0
5.0,2023.08.07.,너무 재밌고 다음에도 또 오고 싶네요 사진은 동물원 토끼,31,1
4.0,2023.08.06.,사진과 달라도 너무 다른 식당음식 그래도 아이들은 정말 즐거워하고 좋아했어요 폭염이던 날이라 실내는 시원할까 기대했는데 더보기,70,1
5.0,2023.08.05.,재밌고 좋았는데 줄을 많이 섰어요,18,1
5.0,2023.07.13.,롯데월드최고,6,1
4.0,2023.07.06.,지하1층에 츄로빅이라고 있는데 수제츄러스 꼭드세요 근데 1인분시키세요 2인분은 6개라 좀 많음,52,1
5.0,2023.07.05.,잘 놀다 갑니다,8,1
5.0,2023.07.02.,항상 최고의 힐링 플레이스,14,1
5.0,2023.06.20.,매번 갈때마다 설레는 롯데월드 이번에도 재밌었음다 그런데 도대체 사람 없는날은 언제,46,1
5.0,2023.06.16.,슬러시도 너무 맛있고 퍼레이드가 너무 멋있었어요 포토존도 있고 정말 또 가고 싶은 곳이네요,50,1
4.0,2023.06.01.,오레오츄러스 또먹고,10,1
5.0,2023.05.31.,퍼래이드 사람 많음 제발 바이킹은 사람 많으니까 오후 저녁아님 퍼래이드 끝나면 가세요 사람 몰림 주의,56,1
4.0,2023.05.30.,사람은 많았지만 너무 재미있었습니다,19,1
3.0,2023.05.29.,그냥 많이 기다리고 짧게 타고 복잡해서 나가기도 쉽지않음,31,0
4.0,2023.05.14.,시설이 좋았고 다시 가고 싶은 장소다,20,1
1.0,2023.05.14.,예전에는 장애인편의제도가 괜찮고좋앗엇어요 다리가불편해도 참을만도햇고요 지금은 예약하라그러고 중증장애인들이 가기에는힘든곳같애요 솔직히 너무예약하고 기다리고 왓다갖다 또예약하기힘들어요,100,0
5.0,2023.05.07.,아트란티스트가 제일재미 있어요,16,1
5.0,2023.05.04.,롯데월드 놀이동산 너무 재미 있어요,19,1
5.0,2023.05.04.,아틸란티스트가 줄인긴데 급정지와 속도가 재미있습니다,28,1
3.0,2023.05.04.,전망대나 아쿠아리움 본 게 좋았습니다 괜찮았어요,26,0
3.0,2023.05.03.,갈 때마다 음식의 퀄이 올라가서 좋아요 다만 매직패스의 사용을 제한하고부터는 기다림이 너무 길어져서 롯데월드의 매력이 사라졌달까 3시간 기다릴 때 같은 사람이 3번 타는 거 보고 현타와서 다른 곳을 생각해볼 거 같아요,121,0
2.0,2023.05.02.,아이의 추억을 위해 3인기준 하루 50만원돈 쓰고 가는데 과연 그럴만한 가치가 있나 싶다 매직패쓰 쓰는 입장에서도 불편함 더보기,71,0
4.0,2023.04.01.,벚꽃 시즌이라고 사람 엄청 많음,17,1
5.0,2023.02.20.,저녁에 퍼레이드가 너무 예뻐서 좋네요 근데 금요일에갔는데 줄이 너무기네요,40,1
3.0,2023.02.14.,4년만에갔는데 사람이 많아서 많이기다리고 빨리 마감되서 2번밖에못탔다,38,0
5.0,2023.01.23.,어린 시절의 추억이 담긴곳 근데 놀이기구 슬슬 갈을때 되지 않았을까 싶다 최근 다시 다녀왔는데 놀이기구가 새로 추가된 것들이 더보기,73,1
5.0,2022.08.31.,몇몇 댓글보구 다시 써요 비안와도 운행안하는건 점검중일수도 있죠 저는 저날 비 그쳤는데 최대한 빠르게 다시 이용할수 있도록 직원들이 점검중이였어요 대부분 더보기,89,1
5.0,2022.08.21.,또 가고 싶다,7,1
5.0,2022.07.28.,모험과 신비가 가득했다,12,1
5.0,2022.06.04.,직원들 친절하고 좋습니다 새로 생긴 기구도 재밌었음,28,1
5.0,2022.04.17.,후기 왤케다들 부정적임 짱재밋기만하구만 몇시간씩 기다리고 하나 타는게 놀이공원이 다 그렇지 뭐 이런걸로 후기를써 교복이쁜거 대여해서입고 입장권 할인받아서 2 더보기,91,1
4.0,2022.01.16.,매직패스는 거의 필수네요 그거 없으면 1시간은 기본으로 기다려야되고 심하면 2시간 기다려야돼요,52,1
5.0,2021.12.22.,좋았,2,1
1.0,2021.10.24.,방역수칙 절대없는 롯데월드 의아함 어제 또갓는데 야외는 비와서 거의 운영안한게많고 줄서다 볼일다봄 코시국에 사람 넘 많고 거리두기 절대없고 매직페스 넘빡세고 되지도않는거 없 더보기,100,0
5.0,2021.10.14.,요즘 롯월 사람 참 많습니다 아트란티스는 개레전드 매직패스는 꼭 이용해야 함,42,1
1.0,2021.10.10.,혜성특급 두시간 반을 기다렸는데 딱 저희 앞에서 기계 오류로 못 탔습니다 이해는 하는데 대처가 왜 그런가요 기계 오류가 생겨서 더보기,74,0
5.0,2021.09.21.,꿈과환상의 나라 어제 잘놀았음 아틀란티스 짜응 내가 찍었지만 사진 예술로 찍었네,44,1
1.0,2021.05.31.,푸드코트 떡볶이는 절대 주문하면 안되는 음식이였네요 떡볶이 떡은 없고 국물만 더보기,46,0
2.0,2021.05.16.,롯데월드 다시는 안갈듯 싶습니다 에버랜드가 훨씬 좋네요 1 화병만 나게하는 매직패스 경쟁률이 너무 심하여 도저 더보기,65,0
5.0,2021.04.19.,아무래도 에버랜드 보단 규모가 작아서 아쉽지만 실내와 야외의 구분으로 색다른 분위기를 자아낸다 롯데월드는 아무래도 놀이기구보단 사진을 찍는 사람들이 많은듯 저녁시간 회전목마 앞은 배아파서 못본다 쩝,110,1
5.0,2021.01.29.,재밌습니다 한번씩 꼭 가보시길 사진은 2019년에 찍음,30,1
5.0,2020.08.07.,123,3,1
5.0,2017.08.20.,8월 맘앤베이비 연간회원권 20 애들이랑 가니 사람들 많아도 동선이 안겹쳐 다닐만 하다 다만 갈땐 괜찮았는데 나올땐 차가 정 말 많더라 더보기,79,1
3.0,2016.04.22.,아 젊을때 놀아야 자유이용권이 안아깝다,21,0
4.0,2016.04.22.,추억의 롯데월드 어릴 땐 한 없이 넓어보였는데 이제는 작은 동산 같은 느낌이다,43,1
5.0,2016.04.22.,놀이기구를 안타도 재밌는,13,1
3.0,2016.04.14.,위메프로 구입한 패키지 이용권으로 하루종일 미친듯 놀았던 하루,34,0
5.0,2026.01.16.,아이들이 좋아하는 롯데월드 근데 기구는 이제 좀 바뀔 때가,32,1
5.0,2026.01.09.,눈치게임 실패,7,1
5.0,2026.01.01.,It was nice,11,1
5.0,2025.12.27.,재밌어여,4,1
5.0,2025.12.23.,1000번째 후기,9,1
1.0,2025.12.19.,한 기구당 예약 타기까지 2시간은 걸리는듯 타는건 3분정도 어플로 예약할 수 있게 하던가 대기하는 내내 앉을 곳도 없고 다리아파 죽는 줄 몰릴시간 대비해서 시간당 인원 제한을 하든지 아님 환불이라도 하게해주던가 앞으로 절대안감,126,0
5.0,2025.12.13.,엄청 넓어서 좋아요 전에 갔을 땐 메직페스 인가 그걸 사서 놀이기구 엄청 빨리 탔어요 그런데 네명이서 가니까 40만원이 넘음 약간 돈 낭비 그래도 놀이기구 겁나 빨리 타서 좋았어요 그리고 햄버 더보기,111,1
5.0,2025.12.10.,아 썸녀랑 가고싶다 7 지임 옛날에 가봣는데 나 더보기,30,1
5.0,2025.12.07.,퍼레이드가 재미있어용,11,1
5.0,2025.12.05.,직원분들 친절하셔용,10,1
3.0,2025.12.01.,나쁘지 않아요 줄이 좀 길어서 유명 놀이기구 같은건 못탔지만 놀이공원에 줄이 긴건 당연하니,50,0
1.0,2025.11.27.,대기를위한 대기가필요한대 그마저도 대기가 다차면 대기를못함 1인당 매직패스 7 5를 안내면 재밌는건못탄다는말임 돈내 더보기,68,0
1.0,2025.11.26.,오픈런해서 하루종일 줄 섰는데 정확하게 3개 타고 나왔습니다 제일 인기많은 아트란티스는 현장대기 시켜서 4시간동안 대기 시키더니 인기 많은 어트랙션 몇개는 앱을 통한 예매도 아니라 그것도 현장 대기 예약을 더보기,118,0
4.0,2025.11.25.,지인들과 놀러가기 좋은 것 같아요,18,1
5.0,2025.11.16.,친구들이랑 놀기 좋아요,12,1
5.0,2025.11.02.,설명이 길어지는 건 귀찮고 짜피 밑에 분들이 다 설명을 해주시기에 별점과는 상관 없습니다 5G 아틀란티스 진짜 타지 더보기,68,1
4.0,2025.10.31.,후렌치 탈때 영혼 나갔다 다시 들어옴,20,1
1.0,2025.10.27.,나가기 전에 보안 요원 관리 잘하시길 기분 잡침,26,0
5.0,2025.10.26.,대한민국 최고의 놀이공원,13,1
3.0,2025.10.20.,사람 넘 넘 많았어요 기본적으로 30분 이상 기다려야하구요 장점 말하자면 일단 퍼레이드 관람하기 좋습니다 사람이 많으 더보기,69,0
5.0,2025.10.16.,도심속 최고의 휴양지,11,1
1.0,2025.10.10.,혼자 놀러와서 커피잔기구 두번 신밧드 한번 귀신집인지 알고 갔더니 영상열차 바이킹도 탈려고 하는데 예약을 강제로 마감시켜 못타게 만들고 다른것도 마찬가지고 첨부터 재미로 온거였는데 재미없음 담부터 여긴 안감,115,0
5.0,2025.10.08.,탈 만한 놀이기구가 많아서 좋았습니다,20,1
5.0,2025.10.06.,kundan singh,12,1
5.0,2025.10.05.,설명할게 있나요,8,1
5.0,2025.10.04.,여자친구랑 짱 재밌게 놀이기구 7번 타고옴,23,1
5.0,2025.09.20.,여기 진짜 너무 좋아요 제가 한 5살 때 갔는데 추억이네요 지금은 5학년 5살때로 돌아가고싶다 아 근데 여기 종업원들 착해요 솔직히 별점 테러를 하시는건 좀,87,1
3.0,2025.09.17.,롯데월드 어드벤처 전 생각보다 별로였습니다 딸아이도 여기 별로라고 하네요 전 예전부터 롯데월드 어드벤처에 대해 환상 을 조금 가지고 있어서 그런지는 몰라도 실망 더보기,93,0
5.0,2025.09.14.,재밌게 잘 놀았어요,10,1
1.0,2025.09.13.,비싸고 사람도 많고 너무 덥고 먼지 많음 파라오의 분노 이용객들의 분노,39,0
5.0,2025.09.13.,포켓몬 콜라보할때 갔었는데 잼썼어요,19,1
2.0,2025.09.10.,장점 어릴때 롯데월드에서 받았던 신기하고 행복한 기억이 커서도 늘 더보기,40,0
4.0,2025.09.08.,여긴 종일이용한다 치면 주말은 인기없는거 제외 3개이하 평일은 더보기,38,1
1.0,2025.09.08.,마스크 필수 먼지 최악 들어가자마자 기침,22,0
2.0,2025.08.17.,비싸고 사람 많아서 비추,13,0
2.0,2025.08.17.,귀신 집 툼 오브 호러 야 짠짜 심하다 별도에 입장료까지 받으면서,36,0
4.0,2025.08.16.,비싸고 사람많고 줄 길고 매직패스 마음에 안들지만 아이들이 즐거워 하는 모습을 보니 한번정도는 올만한 곳 이예요,62,1
4.0,2025.08.09.,무서운게 좀 없다 해야하나,14,1
3.0,2025.08.08.,매표소 직원은 구매자의 말대로만 결제를 해준다 신분증확인및 나이를 묻지 않고 제멋대로 결제를 하니 구매자가 정확히 더보기,67,0
5.0,2025.08.08.,어쩌네저쩌네 해도 대한민국 수도 땅값 비싼 잠실에 이런곳이 있다는게 고마울뿐이다 롯데월드 화이팅,53,1
1.0,2025.08.02.,롯데 월드 오랫만에 왔는데 진심 심각하다 냉방이 전혀 안되고 있음 내부 온도 30도 이상이라고 보면 됨 습도 조절도 전혀 안되고 심각한 수준으로 더움 더보기,87,0
1.0,2025.07.31.,줄 많이 쓸바엔 다른 데 가겠음 앉을 데도 많이 없고 성수기에 오지 마세요 기다리는 데 시간 많이 더보기,58,0
1.0,2025.07.31.,정말 최악의 경험 돈쓰고 고생하고,18,0
3.0,2025.07.31.,후룸라이드 3시간 기다려서 탔는데 물이 겁나 튀고 떨어질 때 무중력같아요 근데 툼 오브 호러 더보기,55,0
1.0,2025.07.29.,DO NOT WASTE YOUR TIME HERE I don t know who designed this hellhole but they clearly had zero regard for human comfort or common sense 1 더보기,140,0
1.0,2025.07.29.,에어컨 좀 틀어라 사우나 장이냐,17,0
2.0,2025.07.28.,솔직히 말하면 탈 것도 많이 없고 종업원분들이 좀 불친절함,32,0
1.0,2025.07.22.,줄 순서가 마음에 안 듬 우리가 먼저 섰는데 다른 사람 먼저 세움 아무 이유 없이 직원 불친절,52,0
3.0,2025.07.20.,좋았다,3,0
5.0,2025.07.12.,d o b,5,1
5.0,2025.07.11.,서울이 송파가 빛이 나요,13,1
5.0,2025.07.05.,와 개 무서웠다 아틀란티스 꼭 타보세요,21,1
5.0,2025.06.14.,갈래말래갈래말래 애매하긴 해,15,1
3.0,2025.06.12.,노후되고 부서진것만 좀 고치고 야외 엘리베이터 냄새만 좀 어떻게 하면 좋겠어요,43,0
5.0,2025.06.03.,너므 재밌습니다 실내라서 더 좋고요 목요일에 가니까 사람이 없어요,36,1
5.0,2025.05.31.,캬 재밌었다 스트레스 풀려면 여기 와야겠다 놀이기구들도 쟈밌고 퍼레이드도 오랜만이라 좋았다 Amazing,58,1
1.0,2025.05.17.,제발 세계에서 낙후된 놀이공원으로 꼽으라면 꼽힐것 같아요 지옥이 따로 없어요,42,0
1.0,2025.05.04.,요즘 롯데월드 할게 없네,13,0
1.0,2025.05.04.,롳데월드 옛날 같지 않다,13,0
5.0,2025.05.04.,말모 아주 재밌죠,9,1
2.0,2025.05.03.,매직패스를 팔면서 일행합류 새치기 하는 사람들 관리좀 하셨으면 좋겠어요 관광객끼리 서로 얼굴 붉히고 흥이 다 떨어집니다 특히 후렌치레볼루션 같이 인기어트랙션,87,0
4.0,2025.05.02.,사람 너무 많음인기 놀이기구 기본1시간30분 내가 갔을때 기준 그래도 재밌음,42,1
5.0,2025.04.29.,재미있었어요,6,1
5.0,2025.04.27.,언제나 재미쭘,7,1
5.0,2025.04.20.,필름카메라도 빌려주고 사진도 찍어줘서 추억 남기기에 좋은것 같습니다 항상 재밌게 놀다가네요,50,1
1.0,2025.04.04.,,0,0
3.0,2025.03.21.,아주 좋습니다 서울로 여행오는 분들께 꼭 오시는것을 추천합니다,34,0
4.0,2025.03.11.,실내에서 놀거나 사진찍을거면 괜찮음 놀이기구 많이타고 놀려면 에버랜드 가야함,42,1
4.0,2025.03.09.,여러 사람이 함께 놀기 좋은곳입니다만 관리가 조금 부족한것 같습니다,37,1
5.0,2025.03.08.,정말 너무하다 싶을정도로 재밌었습니다 제가 그렇게 놀이공원을 좋아하는사람이 아닌데도 쫄보인데도 재밌게 놀았어요 놀이기구를 무서워하시는 분들도 타실수 더보기,86,1
5.0,2025.02.24.,진짜너무재미있고 음식도맛있어요,16,1
1.0,2025.02.22.,어릴적 자주 놀러갔었던 곳 인데 예전에 롤코 알바가 나만 투명인간 취급 해서 트라우마 생김 미친,53,0
5.0,2025.02.22.,나의 초등학교 시절 좋은 추억을 선물해 준 곳 사실 재미보다도 롯데월드 안을 거닐던 그 설레는 분위기랑 떠들썩함이 좋았다 공간 자체가 나한텐 추억,81,1
4.0,2025.02.20.,너무 좋고 시설도 좋은대 물가가 미침,20,1
1.0,2025.02.20.,어플리케이션 수준최악임 망한회사 어플리케이션 같음,27,0
4.0,2025.02.17.,오랜만에 갔는데 어린 시절로 돌아간 것 같아 좋았어요,29,1
2.0,2025.02.17.,사람 많고 놀이기구 탈건 없고,16,0
5.0,2025.02.16.,지하철을 통해 갈만 하네요,14,1
1.0,2025.02.16.,호수에서 똥냄새남 뭔 별자리 다리 지나는데 똥냄새 개오짐 상품은 다양하게 잘 만드는거 같으나 돌려서 가지고 노는 장난감의 경우 내구성이 떨어짐 에버랜드랑 비교하면 더보기,94,0
3.0,2025.02.16.,사실 우리나라에 오면 꼭 오고 싶은 놀이 공원 중에 하나다 근데 놀이공원에 타는 시간보다 줄 서는 사람이 많아서 패스트 트랙 같은 것을 꼭 해야 잘 즐길 것 같네요 그런데 뷰 더보기,101,0
5.0,2025.02.14.,학교다닐때 한번쯤은 소풍으로 롯데월드 가봤을 MZ세대 신밧드의 모험타러 가봐야겠네요 자녀분들있으면 같이 가면 좋고 아니더라도 한번쯤이라도 놀 수 있게 해주시면 좋은 추억될 더보기,99,1
3.0,2025.02.13.,재밌어요 또가고 싶어요,12,0
5.0,2025.02.10.,안 간지 3년 정도 된 이용객 유튜브를 보던 중 번지드롭이 사라진다는데 정말인가요,45,1
5.0,2025.02.04.,주말에가서 후렌치 모든타임 다 타고 파라오 타고 후룸타고 혜성탔는디 진심 꿀잼 그리고 많이 탈라면 그 패슨가 뭔가 필수,66,1
2.0,2025.02.03.,퍼레이드 당시 5 000원권 거스름돈을 받아야 했으나 1 000원권을 받았습니다 실내 조명이 꺼져 어두워서 미처 확인하지 못했습니다만 더보기,78,0
4.0,2025.02.02.,진짜 스릴 넘치고 재밌어요,14,1
5.0,2025.01.29.,실내 놀이 공원이 있다는 그 자체로 본좌,22,1
1.0,2025.01.28.,세상 쓰레기공원 돈값 못한다,15,0
5.0,2025.01.28.,할인받아서 재밌게놀다왔습니다,15,1
5.0,2025.01.26.,진짜 성당에서 갔을때 짱이엿어요 놀것도 많고 기념품도 짱이쁨 진짜 환상에 더보기,44,1
4.0,2025.01.24.,아트란티스 최고,8,1
1.0,2025.01.09.,시설을 떠나서 사기꾼인곳 2년전이지만 당시 8살 아들이 아동지역센터에서 단체로 갔는데 장난감 5 000짜리인데 아이가 10 000원주고 5 000원 거스름돈 받아 더보기,94,0
1.0,2025.01.08.,롯데월드가 조금씩 리뉴얼해서 점점더 좋아지고있네요 앞으로 더 좋아지면 좋겠어용 기대하겠습니당,51,0
5.0,2024.12.29.,친구랑 놀았어요 사람많은데도5개 탔어요,21,1
5.0,2024.12.28.,재미있어서 사진을 못 찍었는데 짱 입니다,22,1
5.0,2024.12.28.,지하철역 연결 잘 되어있어서 접근성 좋아요 눈치게임 성공했을 때 다녀와서 인기 놀이기구 편하게 탔어요 그리고 혼자 타는줄로 줄서서 빠르게 탑승했답니당,83,1
1.0,2024.12.21.,쓰는 돈에 비해 전반적인 퀄리티와 운영이 구림 주말은 어트랙션마다 대기줄 최소 1시간에 바글바글함 입장제한이 더보기,64,0
1.0,2024.12.21.,대체뭐가재밌는건지,9,0
5.0,2024.12.19.,넘 재밌어요,6,1
5.0,2024.12.17.,롯데월드는 언제나 재밌습니다,15,1
1.0,2024.12.13.,작년12월중순 신밧드의 모험에서 푹 떨어지는 구간에서 앞철봉에 이빨이 부딪혀 앞니가 깨진 20세 딸아이 엄마입니다 유치원 더보기,71,0
1.0,2024.12.10.,타 놀이공원과 다른 복잡한 내부 구조에 불친절한 표지판들,31,0
5.0,2024.12.08.,짜릿하고 즐겁게 놀다왔어요,14,1
5.0,2024.12.06.,재밌어요,4,1
5.0,2024.11.27.,혼자 다녀도 하루 종일 재미있게 놀 수 있다 싱글라이더 제도가 있기 때문에,41,1
1.0,2024.11.21.,저도롯데월드가보고싶어요,12,0
5.0,2024.11.18.,당연히 굿,5,1
5.0,2024.11.14.,좋아요,3,1
5.0,2024.11.13.,오랜만에 방문했어요 대기가 너무 많아 몇 개 못 탔지만 어린 시절로 돌아간 것 같아 행복했습니다,53,1
1.0,2024.11.09.,회전율 거지같고 어수선하고 테마도 통일 되지않고 따로따로 노는 느낌에 물건도 밖에있는 물건들 한데모아 로고 붙인거 같음 인형도 신 더보기,76,0
5.0,2024.11.09.,너무 재밌어요 친구들이랑 와도 표예매도 안했갈려서 좋아 더보기,34,1
5.0,2024.11.04.,I going to,10,1
5.0,2024.10.31.,아 너무 좋았구요 학교에서 현체로 당연히 가야하는 장소입니다 저는 조를 롯월 한 5번정도 오픈런한사람으로 조를짯는데요 우리조가 아주 빨라서 정확히 6 50에 집결장고인 남문정문에 왔읍니다 근 더보기,110,1
2.0,2024.10.29.,옛날같지 않아요 돈독 올랐다고 느껴짐 예약 시스템 엉망진창임 앱을 만들어놓고 쓸일이 없음 차라리 아침 더보기,60,0
5.0,2024.10.28.,처음에 들어가기전에기다리는시간이좀 많이걸리고 입장료도비싸긴한데 탈것도많고 먹을것도많아서좋아요 무엇보다 밖에나오면 풍경이예쁘더라고요 롯데월드가면 재밌개놀고올수있어서좋아요,93,1
1.0,2024.10.23.,집과 거리 때문에 에버랜드만 다니다 야심차게 5년만에 방문했는데 운영이 정말 과거대비 너무 맘에 안 드네요 어쩐지 더보기,67,0
1.0,2024.10.19.,후렌치 바이킹만 타고 가자 했는데 예약 아니면 못 탐 바이킹 싱글라이더도 줄 길다고 더 못 서게 제한함 예약줄이 너무 길어서 이 더보기,75,0
5.0,2024.10.03.,롯데월드 햇님달님 중 달님 너무 타보고 싶어서 아는 애기들하고 저하고 같이 타봤습니다 롯데월드 햇님달님 중 달님 타봤는데 너무 재밌습니다 롯데월드 햇님달 더보기,89,1
5.0,2024.09.30.,wish I could stay there forever it s just it s always packed,60,1
1.0,2024.09.25.,여름에는 비추 습하고 더움,14,0
1.0,2024.09.25.,진짜 재미없고 여기가 무슨 신비의 낙원입니까 구라 치지 말고 놀이기구도 다 무서워요 진심 여기 내 스탈 아님 나 갔으면 에버랜드나 가겠다 그리고 롯데월드 일본기업 꺼에요 롯데 회사 일본꺼에요,106,0
4.0,2024.09.16.,재미있고 볼거리도 많고 봄에 가면 벚꽃이 예쁨,25,1
4.0,2024.09.12.,주차제외하고는 다좋지뭐,12,1
5.0,2024.09.10.,시설 개좋음,6,1
5.0,2024.09.10.,롯데월드만의 감성은 못 이긴다,16,1
5.0,2024.09.08.,I have good experience here enjoyed with my wife whole day Comet Express is my favorite ride I want to visit again only for Comet Express,137,1
5.0,2024.09.01.,더 말할것도 없지 그냥 쌈뽕함,16,1
1.0,2024.08.21.,사람많고 장소가 크니깐 많이 시원하지 않은건 이해합니다 모험과 신비의나라고 놀이동산 자체가 동심을 찾는 곳인데 직원들이 너무 싸가지가 바 더보기,80,0
1.0,2024.08.20.,흡연장소좀 늘리고 에어컨 설치 좀 하고 환풍장치좀 제대로 해놔라 좀,37,0
3.0,2024.08.17.,시설이 아주 많다 그만큼 기다리는 시간도 김 재일 재밌는건 후룸라이드 기다리는데 2시간걸림 더보기,54,0
1.0,2024.08.16.,매직패스 짜증나네요 5번에 5만원이 말이 되나연 사람이 적은것도 아니고 뭐 바이킹 타는게 1시간 넘게 걸리는게 말이 되는건지 좀 의문이네요 이럴거면 에버랜드를 가지 몇년전에는 적어도 매직 더보기,108,0
5.0,2024.08.15.,지인들이랑 같이 놀기도 좋고 확실히 매직패스도 값어치 있어서 다움에 올땐 꼭 살거같네요,48,1
5.0,2024.08.13.,넘나 재밌다아,7,1
5.0,2024.08.07.,감동적 감성은 정말로 멋지다,15,1
5.0,2024.08.04.,재밋어요,4,1
5.0,2024.08.04.,자녀들과 행복한 시간 보냈어요,16,1
1.0,2024.08.02.,일부러 돈쓰고 동남아 후덥지근한 날씨 느끼러 갈 수 있는 곳 에어컨이 약한건지 인산인해 사람들 열기 때문인지 땀으로 샤워하고 옴 놀이기구는 기다림의 연속이라 탈 엄두도 안남 식당도 테이블 더보기,108,0
2.0,2024.08.01.,에어컨 개짜게틀어줌 실내에 있어도 땀줄줄남 다시는 여름 롯데월드는 안 갈 듯 더워서 죽는줄 쿨링 목베개 이딴거 팔 시간에 에어컨이나 제대로 틀길,80,0
1.0,2024.08.01.,별점 6점,5,0
1.0,2024.08.01.,프리패스라는게 있는데 5회 대기시간 없이 탈수있는 방법인데 프리패스가 더보기,42,0
2.0,2024.07.29.,사람많은건 모르는사람 없을꺼고 1완전더움 실내도 에어컨약하게켜놓음 2애들 땀에적셔저서 쉰내범벅 땀내 입냄새 더보기,63,0
5.0,2024.07.25.,화장실 먼저 마음대로 자유롭게,16,1
5.0,2024.07.24.,재밌긴 한데 줄이 너무 기네요,16,1
5.0,2024.07.21.,혜성특급타러 가고싶다,11,1
5.0,2024.07.20.,짱,1,1
5.0,2024.07.19.,역시 롯데월드 최고,10,1
3.0,2024.07.16.,여름에 실내가 더워요 반팔반바지 입어도 더워요,25,0
3.0,2024.07.12.,금요일 애프터4 입장부터 대기줄이 있어서 10분 정도 걸림 자이로드롭 30분 대기 아틀란티스 포기 7월 너무 덥다 실내도 시원하지 않다,75,0
4.0,2024.07.12.,재밌었어요,5,1
5.0,2024.07.11.,올 때 마다 가슴이 벅차고 동심을 되찾은 느낌입니다,28,1
5.0,2024.06.23.,재밌었고 좋았습니다,10,1
5.0,2024.06.14.,그냥 사진찍기용 놀이공원 놀이기구는 자유이용권 끈어도 못탐,32,1
5.0,2024.06.01.,사람 없을때 5시에 가서 5개는 이용했답니다 하핳 너무 즐거웠어요,36,1
5.0,2024.05.16.,놀이기구 잘 타는 사람들에겐 심심하고 줄도 길지만 포토존도 괜찮고 비오는 날이면 다들 여기 가요,53,1
5.0,2024.05.09.,좋아요,3,1
5.0,2024.05.01.,너무재밌어요,6,1
3.0,2024.04.27.,아이스링크는 비추해요 가격에 비해서 빙질도 앙 좋고 슈즈도 별로에요,37,0
5.0,2024.04.23.,사람이 많긴 하지만 좋았어요,15,1
5.0,2024.04.23.,눈치게임만 잘하면 됩니다,13,1
2.0,2024.04.22.,눈치게임대실패,7,0
5.0,2024.04.14.,ggggggggggggggg,15,1
1.0,2024.04.13.,모험 밖에는 무슬림들을 위한 기도실이 없습니다 안에서만 사용할 수 있습니다 기도실을 사용하려면 돈을 지불해야 합니다,64,0
5.0,2024.04.06.,롯데월드 나이 들어서 가니까 더 재밌다,21,1
5.0,2024.04.02.,오 예 동방신기 마법의성 동방신기 슈퍼주니어 쇼미 러 러브 H O T 캔디 뮤비 영화 그놈 목소리 2007 출연 설경구 김영철 김남주외 그외 다수 연예인 촬영지,89,1
1.0,2024.03.09.,직원 영혼 1 공장이냐,12,0
1.0,2024.02.25.,절대 오지마세요 사람 무조건 들여보내서 웬만한 인 더보기,31,0
1.0,2024.02.23.,후룸라이드 줄섰는데 여기서 땅바닥에 앉아서 게임 하고 매직패스 주로 나가가지고 앉아 있다가 다시 들어 더보기,60,0
3.0,2024.02.20.,잼나긴 한데 줄 너무 김 다시는 가고 싶지만 매직 더보기,31,0
5.0,2024.02.20.,재미있었어요,6,1
5.0,2024.02.12.,아이들과 추운 날 놀기 좋은 곳 입니다 편의시설도 잘 되어 있네요,36,1
5.0,2024.02.08.,겨울에 가서 그런지 밖은 겁나 추움 화요일에 갔다왔는데 대기 무슨일 그래도 재미있엇음,47,1
5.0,2024.02.08.,역시 롯데월드 놀이기구가 제일 재밌당,20,1
4.0,2024.01.29.,매직패스 극혐이네요,10,1
4.0,2024.01.26.,부동의 롯데월드 서울에선 한번은 가봐야함 근데 정말 눈치게임 잘해야해서 추천하긴하지만 더보기,51,1
5.0,2024.01.24.,프리패스권만 사면 더 빠르게 즐길 수 있음,23,1
3.0,2024.01.23.,이렇게 뭘 하나 타려고 하면 2시간씩 줄서야 하니 정말 매력이 떨어지는 곳이 되어버렸네요,49,0
4.0,2024.01.23.,추억이 있는곳 좋앗다,11,1
1.0,2024.01.22.,직원들 친절 교육 좀 시키세요 괜히 놀러 갔다가 기분만 상했네요,35,0
5.0,2024.01.20.,애인과 가고싶어요,9,1
1.0,2024.01.15.,방학이어서 이따위로 운영하는지 매직패스를 구매해는데도 들어가서 2 더보기,40,0
3.0,2024.01.15.,재밌고 친한사람과 가면 정말 좋지만 사람이 많을 때는 많아도 너무 많아서 힘듦,43,0
1.0,2024.01.14.,지하 1층에 돈까스랑 떡볶이 파는 버거베어 진짜 별로다 주문 받는 파랑색 모자 아저씨 서비스 마인드 너무 없음 앞접시 달라고 하니까 엄청 귀찮다는 듯이 던져주고 메뉴 더 추가하려니까 말하기도 전에 끊네 교육이 좀 필요한듯,123,0
3.0,2024.01.09.,햄버거는 절대 사먹지 마시길,15,0
4.0,2024.01.06.,꿈과 환상의 세계이긴 하지만 사람 많은 날에는 입장권만 사서 들어갈 순 없나요,43,1
1.0,2024.01.01.,에버랜드랑 차이가 너무 남 화장실도 더럽고 비데 없음 주차도 롯데월드 자유이용권있어도 3시간 무료고 나머지는 롯데월드 안 음식점이나 기념품샵에서 돈을 더 써야지 추가 주차시간 제공 에버랜드랑 다르게 케스트들도 더보기,120,0
5.0,2023.12.31.,꼭 말로해야하나 많은 사람들이 좋아하는 곳,23,1
5.0,2023.12.25.,아틀란티스를 볼수 있어,12,1
1.0,2023.12.13.,2시간 반 기다려서 하나 타고 다른거 타려니까 예약 마감되었다고 못타게 하고 딱 하나 타려고 여기 왔나 싶네요,61,0
1.0,2023.12.07.,사람 미어터지는 이런 댈 왜가나,17,0
5.0,2023.11.28.,국내 테마파크중에서 인기가 제일 많은곳중 하나인데 왜 인기가 많은지 납득이 되었습니다 저는 지방사람이라 매직패스를 썼는데 아틀란티스 두번탔습니다 지금은 1번제한으로 바꼈더라구요,98,1
5.0,2023.11.26.,롯데월드의 감성 크 너무 좋습니다 근데 인성이 쓰레기인 사람들이 너무 많아요 롯데월드 탓은 아니고 그냥 화나서 적는건데 제가 회전그네를 기다리고 있었는데 한 아재가 저한테 쌍욕을 박네요 와 그런 사람들은 입 더보기,119,1
1.0,2023.11.26.,사람만 졸12321라많고 복잡해서 자유이용권 끊어도 제대로 못놉니다 여기갈바에는 에버랜드가길,51,0
5.0,2023.11.24.,추워지는 날씨에 더 추워지기 전에 호다닥 다녀왔어요 롯데월드 말모 시즌별 컨셉 확실하고 달달구리 간식들 들고 더보기,64,1
5.0,2023.11.22.,아트란티스 후렌치레볼루션는 너무 재밌어요 꿀잼,25,1
5.0,2023.11.17.,너무 좋아요,6,1
1.0,2023.11.13.,마음이 아픔 어른의 시선이라 그런건지 아니면 롯데월드 내에서 대우가 안 좋은건지 캐스트 대부분이 지쳐있고 화가나있고 성을냄 마 더보기,74,0
3.0,2023.10.28.,한국방문 중 아이들의 로망 사람들이 너무많아 놀이기구타기가 힘들었지만 추억할 수 있었던 곳,50,0
5.0,2023.10.25.,좋아요 또 방문하고싶어요,13,1
2.0,2023.10.19.,범퍼카 모노레일 탑승장쪽 여자 무쌍에 처진눈 양갈래 알바인지 직원인지 텃세지리고 싸가지 없음 괜히 갔다 기분 잡쳤네요,65,0
1.0,2023.10.15.,롯데월드는 알바생이나 직원 관리가 안되는듯 한숨 푹푹 쉬며 싸가지없이 할거면 걍 집에서 잠이나 쳐잤으면 괜히 간 사람들 기분까지 잡치게 하지 말고,81,0
1.0,2023.10.14.,무서워요,4,0
2.0,2023.10.12.,앞에 가서 서도 입장하겠냐 어서오세요 말도 없고 처다보고 방문객이랑 기싸움함 가만히 서있음 어트랙션 알바 더보기,62,0
4.0,2023.10.07.,한번쯤은 갈만하지만 두번 이상은 추천 드리고 싶진 않습니다 예전엔 재밌는 놀이기구들이 많았었는데 지금은 썩 재밌진 않네요,67,1
5.0,2023.09.26.,롯데월드는 저희 집에서 가까운 놀이동산이고 재밌어요 시험 끝나고 다시 재방문 할려고 계획 중이예요,54,1
5.0,2023.09.23.,재미있어요 나중에 또 방문할께요,17,1
2.0,2023.08.30.,사람이 넘 많아서 가기 싫어요,16,0
1.0,2023.08.26.,나 떨어트리고 얼마나 잘되나 보자,18,0
3.0,2023.08.18.,롯데월드 사람 많은거는 하루이틀 일이 아니니 논외로 하고요 한여름이고 실내인데도 너무 더웠습니다 1층은 실내임에도 에어컨으로 시원하다는 더보기,79,0
5.0,2023.08.13.,시간되면 또 가고싶다,11,1
5.0,2023.08.11.,롯데월드 사람이 너무 많아요 기본대기 2 5시간 재미는 있었는데 처음 가본 의무실 놀랐어요 의무실에 있는 것도 없고 더보기,68,1
4.0,2023.08.10.,아이들이 좋아하지 않을수 없으나 음식값이 비쌈니다,27,1
4.0,2023.08.09.,재미있지만 사람이 늘 많아서 아쉬워요,20,1
5.0,2023.08.07.,재밌다 빨리 리모델링해서 새로운 기구 타고싶다 근데 물가가 너무 비쌈,38,1
